Variant,HGVS,cDNA,Residual,Ivocaftor,Lumacaftor,Ivocaftor and Lumacaftor
A1006E,p.Ala1006Glu,c.3017C>A,3.9 ± 0.41,4.79 ± 0.87,6.4 ± 1.41,10.21 ± 0.55
A349V,p.Ala349Val,c.1046C>T,37.65 ± 3.39,96.37 ± 4.11,72.67 ± 8.37,83.12 ± 37.37
A613T,p.Ala613Thr,c.1837G>A,2.65 ± 0.2,3.71 ± 0.12,6.12 ± 0.6,7.61 ± 0.73
D513G,p.Asp513Gly,c.1538A>G,7.05 ± 1.27,10.37 ± 0.31,12.86 ± 0.62,15.22 ± 0.91
D979V,p.Asp979Val,c.2936A>T,8.63 ± 1.82,18.97 ± 0.88,24.15 ± 5.87,72.44 ± 6.45
E116K,p.Glu116Lys,c.346G>A,6.88 ± 0.28,16.43 ± 0.47,11.59 ± 1.61,32.91 ± 0.51
E474K,p.Glu474Lys,c.1420G>A,1.17 ± 0.14,0.96 ± 0.13,3.86 ± 0.46,5.86 ± 0.2
F1016S,p.Phe1016Ser,c.3047T>C,15.83 ± 1.48,24.75 ± 0.71,38.19 ± 4.7,55.39 ± 1.35
F311L,p.Phe311Leu,c.933C>G,5.13 ± 0.61,14.72 ± 0.42,7.31 ± 0.27,25.13 ± 0.71
F508del,p.Phe508del,c.1521_1523del,0.75 ± 0.13,1.27 ± 0.61,3.54 ± 1.28,5.81 ± 1.24
G27R,p.Gly27Arg,c.79G>A,0.91 ± 0.09,0.84 ± 0.03,5.14 ± 0.07,5.18 ± 0.31
G551D,p.Gly551Asp,c.1652G>A,3.41 ± 0.36,17.18 ± 1.27,4.29 ± 0.73,33.58 ± 6.23
G622D,p.Gly622Asp,c.1865G>A,18.8 ± 0.78,24.93 ± 0.77,41.7 ± 1.69,54.72 ± 0.76
G91R,p.Gly91Arg,c.271G>A,1.63 ± 0.18,1.69 ± 0.12,14.29 ± 0.31,21.09 ± 0.21
H139R,p.His139Arg,c.416A>G,1.5 ± 0.51,2.3 ± 0.36,2.96 ± 0.29,3.33 ± 0.92
H609R,p.His609Arg,c.1826A>G,1.89 ± 0.11,2.46 ± 0.06,2.84 ± 0.23,3.86 ± 0.1
I336K,p.Ile336Lys,c.1007T>A,3.25 ± 0.99,4.53 ± 0.99,8.02 ± 0.72,28.14 ± 2.53
I340N,p.Ile340Asn,c.1019T>A,10.16 ± 1.25,13.69 ± 1.9,44.59 ± 8.07,47.55 ± 9.79
L1335P,p.Leu1335Pro,c.4004T>C,2.65 ± 0.09,3.54 ± 0.06,3.21 ± 0.08,4.44 ± 0.11
L138ins,p.Leu138insLeu,c.413_415dupTAC,1.65 ± 0.18,2.25 ± 0.25,16.1 ± 0.86,29.82 ± 1.07
L145H,p.Leu145His,c.434T>A,5.62 ± 0.44,7.49 ± 0.36,51.48 ± 5.36,72.76 ± 3.64
L165S,p.Leu165Ser,c.494T>C,1.89 ± 0.09,1.74 ± 0.12,3.1 ± 0.19,4.8 ± 0.09
L453S,p.Leu453Ser,c.1358T>C,3.38 ± 0.23,3.58 ± 0.32,6.75 ± 0.29,7.59 ± 0.12
M348V,p.Met348Val,c.1042A>G,77.76 ± 7.39,138.79 ± 7.32,102.98 ± 17.33,124.19 ± 56.28
P574H,p.Pro574His,c.1721C>A,4.28 ± 0.29,7.32 ± 0.33,11.49 ± 0.69,20.81 ± 0.54
P5L,p.Pro5Leu,c.14C>T,21.86 ± 0.74,25.93 ± 0.57,57.72 ± 0.6,62.2 ± 1.39
P99L,p.Pro99Leu,c.296C>T,3.67 ± 0.15,5.12 ± 0.63,7 ± 0.47,10.25 ± 0.28
Q98R,p.Gln98Arg,c.293A>G,4.45 ± 0.1,5.53 ± 0.2,14.32 ± 0.51,18.84 ± 0.94
R117L,p.Arg117Leu,c.350G>T,10.22 ± 2.46,17.76 ± 1.3,13.16 ± 1.53,25.44 ± 1.32
R1283M,p.Arg1283Met,c.3848G>T,10.3 ± 0.91,12.49 ± 0.69,12.07 ± 0.97,19.09 ± 0.73
R334L,p.Arg334Leu,c.1001G>T,2.49 ± 0.2,2.61 ± 0.06,3.5 ± 0.13,4.47 ± 0.25
R334Q,p.Arg334Gln,c.1001G>A,25.45 ± 2.25,36.45 ± 1.91,31.14 ± 3.67,43.31 ± 3.36
R334W,p.Arg334Trp,c.1000C>T,1.1 ± 0.2,1.85 ± 0.17,1.35 ± 0.28,1.78 ± 0.29
S1118F,p.Ser1118Phe,c.3353C>T,4.76 ± 0.48,8.56 ± 0.26,8.9 ± 0.23,18.33 ± 0.39
S1159F,p.Ser1159Phe,c.3476C>T,7.36 ± 1.3,43.8 ± 2.36,18.37 ± 3.81,59.53 ± 1.99
S1159P,p.Ser1159Pro,c.3475T>C,6.38 ± 0.49,29.33 ± 1.26,10.94 ± 1.56,42.2 ± 1.39
S341P,p.Ser341Pro,c.1021T>C,0.83 ± 0.09,1.6 ± 0.23,1.18 ± 0.1,2.45 ± 0.18
T1246I,p.Thr1246Ile,c.3737C>T,20.05 ± 1.95,52.88 ± 1.8,35.24 ± 1.81,74.73 ± 2.71
T338I,p.Thr338Ile,c.1013C>T,7.15 ± 0.5,11.77 ± 0.88,9.29 ± 1.13,17.1 ± 2.52
V232D,p.Val232Asp,c.695T>A,4.3 ± 0.38,5.53 ± 0.16,19.26 ± 2.25,30.55 ± 1.49
V456A,p.Val456Ala,c.1367T>C,4.42 ± 0.36,6.89 ± 0.02,8.19 ± 0.75,11.46 ± 0.38
W1098C,p.Trp1098Cys,c.3294G>C,3.37 ± 0.31,4.11 ± 0.26,12.12 ± 0.75,19.07 ± 0.88
W57G,p.Trp57Gly,c.169T>G,1.15 ± 0.07,1.33 ± 0.17,1.89 ± 0.11,2.53 ± 0.12
Y1032C,p.Tyr1032Cys,c.3095A>G,13.02 ± 1.58,14.18 ± 0.39,78.53 ± 8.29,76.4 ± 5.51
Y563N,p.Tyr563Asn,c.1687T>A,0.55 ± 0.02,0.68 ± 0.02,0.91 ± 0.02,1.02 ± 0.07